<?xml version="1.0" encoding="utf-8"?><feed xmlns="http://www.w3.org/2005/Atom" ><generator uri="https://jekyllrb.com/" version="3.8.5">Jekyll</generator><link href="http://localhost:4000/feed.xml" rel="self" type="application/atom+xml" /><link href="http://localhost:4000/" rel="alternate" type="text/html" /><updated>2019-12-18T00:21:53+05:30</updated><id>http://localhost:4000/feed.xml</id><title type="html">Abhishek’s Blog</title><subtitle>Personal Blog of Abhishek Potnis</subtitle><entry><title type="html">Installing QGIS 3.1 in Ubuntu 18.04</title><link href="http://localhost:4000/2019/12/17/installing-qgis3-ubuntu-1804.html" rel="alternate" type="text/html" title="Installing QGIS 3.1 in Ubuntu 18.04" /><published>2019-12-17T22:53:00+05:30</published><updated>2019-12-17T22:53:00+05:30</updated><id>http://localhost:4000/2019/12/17/installing-qgis3-ubuntu-1804</id><content type="html" xml:base="http://localhost:4000/2019/12/17/installing-qgis3-ubuntu-1804.html">&lt;div style=&quot;text-align: justify;&quot;&gt;
&lt;p&gt;
I recently installed QGIS 3.1 in my Ubuntu 18.04. I faced a few issues which were eventually resolved by referring and trying out different solutions over the web. So to make things smoother for everyone else, I decided to condense and document the installation process in a single blog post.
&lt;/p&gt;
&lt;p&gt;
  &lt;b&gt;Step 1: Add QGIS 3 Repository in the list of data sources of Ubuntu&lt;/b&gt;&lt;br&gt;&lt;br&gt;
  You will need to add the QGIS Repository URL in the  sources.list file of our Ubuntu. You can do that by running in your terminal the following command: &lt;br&gt;
  &lt;br&gt;&lt;i&gt;sudo nano /etc/apt/sources.list&lt;/i&gt;&lt;br&gt;&lt;br&gt;
  This will open up the sources.list file in your terminal - being edited by the utility 'nano'. Now navigate to the bottom of this file, add the following line: &lt;br&gt;&lt;br&gt;
  &lt;i&gt;deb https://qgis.org/debian bionic main&lt;/i&gt;&lt;br&gt;&lt;br&gt;
  You will need to save the sources.list file by pressing &quot;Ctrl+X&quot; followed by &quot;Y&quot; indicating that you wish to save this file. &lt;i&gt;With this, you have informed Ubuntu to look for the QGIS package for your Ubuntu version - 18.04 code-named 'bionic' at the URL 'https://qgis.org/debian'.&lt;/i&gt;&lt;br&gt;&lt;br&gt;
  For secure communication between your machine and the QGIS Server, the &lt;a href=&quot;https://www.gnupg.org/documentation/manuals/gnupg.pdf&quot; target=&quot;_blank&quot;&gt;Public-key (Asymmetric) Cryptography using GPG&lt;/a&gt; is used. This requires that you import the latest public key from the QGIS Server.&lt;br&gt;&lt;br&gt;
  &lt;b&gt;Step 2: Importing latest Public Key from QGIS Server&lt;/b&gt;&lt;br&gt;&lt;br&gt;
  This is the step where the tutorials that I found on the web, mentioned an earlier version of the key - which did not work for me. You can import the latest version of the key by running the following command in your terminal:&lt;br&gt;&lt;br&gt;
  &lt;i&gt;wget -O - http://qgis.org/downloads/qgis-2019.gpg.key | gpg --import&lt;/i&gt;&lt;br&gt;&lt;br&gt;
  To validate and verify the key's ownership, run the following command in the terminal:&lt;br&gt;&lt;br&gt;
  &lt;i&gt;gpg --fingerprint 51F523511C7028C3&lt;/i&gt;&lt;br&gt;&lt;br&gt;
  You should ensure that the result of the above command contains 'QGIS Archive Automatic Signing Key (2019) &amp;lt;qgis-developer@lists.osgeo.org&amp;gt;'.&lt;br&gt;&lt;br&gt;
  Now you need to export this key in the ASCII armored format and add it to '&lt;a href=&quot;http://manpages.ubuntu.com/manpages/bionic/man8/apt-key.8.html&quot; target=&quot;_blank&quot;&gt;apt-key&lt;/a&gt;' - the key management utility of the apt package manager.  You can do it by running the following command on your terminal:&lt;br&gt;&lt;br&gt;
  &lt;i&gt;gpg --export --armor 51F523511C7028C3 | sudo apt-key add -&lt;/i&gt;&lt;br&gt;&lt;br&gt;
  &lt;b&gt;Step 3: Update your Package List&lt;/b&gt;
  &lt;br&gt;&lt;br&gt;This is probably the most popular command when it comes to updating and maintaining Linux. Run the following command in your terminal:&lt;br&gt;&lt;br&gt;
  &lt;i&gt;sudo apt-get update&lt;/i&gt;&lt;br&gt;&lt;br&gt;
  For the inquisitive ones out there, this &lt;a href=&quot;https://askubuntu.com/questions/222348/what-does-sudo-apt-get-update-do&quot; target=&quot;_blank&quot;&gt;StackOverflow thread&lt;/a&gt; is a good read on this.&lt;br&gt;&lt;br&gt;
  &lt;b&gt;Step 4: Installing the QGIS Package and a Few Others&lt;/b&gt;
  &lt;br&gt;&lt;br&gt;Run the following command in your terminal:&lt;br&gt;&lt;br&gt;
  &lt;i&gt;sudo apt-get install qgis python-qgis qgis-plugin-grass&lt;/i&gt;&lt;br&gt;&lt;br&gt;
  When prompted, press &quot;Y&quot; and the installation will start. Once done, you need to verify the installation by either running in the terminal:&lt;br&gt;&lt;br&gt;&lt;i&gt;qgis&lt;/i&gt;&lt;br&gt;&lt;br&gt; Or simply by searching for 'QGIS' in your applications(by pressing the Windows key). Clicking on the QGIS Desktop or by running the above command should show a spash screen and start QGIS.

  &lt;br&gt;&lt;br&gt;&lt;b&gt;You have successfully installed QGIS!&lt;/b&gt;&lt;br&gt;&lt;br&gt;
  I am sincerely grateful to the authors of other tutorials and discussion forums(StackOverflow and Github Issues) on this topic, without whose efforts, I could not have installed QGIS on my machine. Here are the list of web pages, I referred:&lt;br&gt;
  &lt;ul&gt;
    &lt;li&gt;&lt;a href=&quot;https://linuxhint.com/install-qgis3-geospatial-ubuntu/&quot; target=&quot;_blank&quot;&gt;https://linuxhint.com/install-qgis3-geospatial-ubuntu/&lt;/a&gt;&lt;/li&gt;
    &lt;li&gt;&lt;a href=&quot;https://www.northrivergeographic.com/qgis-installing-on-ubuntu&quot; target=&quot;_blank&quot;&gt;https://www.northrivergeographic.com/qgis-installing-on-ubuntu&lt;/a&gt;&lt;/li&gt;
    &lt;li&gt;&lt;a href=&quot;https://gis.stackexchange.com/questions/318713/cant-install-qgis-3-x-on-ubuntu-18-04&quot; target=&quot;_blank&quot;&gt;https://gis.stackexchange.com/questions/318713/cant-install-qgis-3-x-on-ubuntu-18-04&lt;/a&gt;&lt;/li&gt;
    &lt;li&gt;&lt;a href=&quot;https://github.com/qgis/QGIS/issues/31317&quot; target=&quot;_blank&quot;&gt;https://github.com/qgis/QGIS/issues/31317&lt;/a&gt;&lt;/li&gt;
    &lt;li&gt;&lt;a href=&quot;https://www.gis-blog.com/how-to-install-qgis-3-on-ubuntu/&quot; target=&quot;_blank&quot;&gt;https://www.gis-blog.com/how-to-install-qgis-3-on-ubuntu/&lt;/a&gt;&lt;/li&gt;
    &lt;li&gt;&lt;a href=&quot;https://freegistutorial.com/how-to-install-qgis-on-ubuntu-18-04-bionic-beaver/&quot; target=&quot;_blank&quot;&gt;https://freegistutorial.com/how-to-install-qgis-on-ubuntu-18-04-bionic-beaver/&lt;/a&gt;&lt;/li&gt;
    &lt;li&gt;&lt;a href=&quot;https://philmikejones.me/tutorials/2019-01-03-install-qgis-ubuntu/&quot; target=&quot;_blank&quot;&gt;https://philmikejones.me/tutorials/2019-01-03-install-qgis-ubuntu/&lt;/a&gt;&lt;/li&gt;
    &lt;li&gt;&lt;a href=&quot;https://gis.stackexchange.com/questions/309894/install-qgis-3-x-on-ubuntu-18-04&quot; target=&quot;_blank&quot;&gt;https://gis.stackexchange.com/questions/309894/install-qgis-3-x-on-ubuntu-18-04&lt;/a&gt;&lt;/li&gt;
    &lt;li&gt;&lt;a href=&quot;https://github.com/qgis/QGIS-Website/issues/462&quot; target=&quot;_blank&quot;&gt;https://github.com/qgis/QGIS-Website/issues/462&lt;/a&gt;&lt;/li&gt;
  &lt;/ul&gt;


&lt;/p&gt;

&lt;/div&gt;</content><author><name>abhishekp</name></author><category term="QGIS" /><category term="Ubuntu" /><category term="QGIS 3" /><category term="Ubuntu 18" /><summary type="html">Tutorial on Installing QGIS 3.1 in Ubuntu 18.04</summary></entry><entry><title type="html">Google Summer of Earth Engine 2019</title><link href="http://localhost:4000/2019/07/01/google-summer-of-earth-engine-2019-midterm-update.html" rel="alternate" type="text/html" title="Google Summer of Earth Engine 2019" /><published>2019-07-01T16:42:00+05:30</published><updated>2019-07-01T16:42:00+05:30</updated><id>http://localhost:4000/2019/07/01/google-summer-of-earth-engine-2019-midterm-update</id><content type="html" xml:base="http://localhost:4000/2019/07/01/google-summer-of-earth-engine-2019-midterm-update.html">&lt;div style=&quot;text-align: justify;&quot;&gt;
&lt;p&gt;
I have been selected for the &lt;a href=&quot;https://sites.google.com/view/summerofearthengine/home&quot; target=&quot;_blank&quot;&gt;Google Summer of Earth Engine&lt;/a&gt; Research Program for the project - &quot;Tracing Wildlife Conflict in India through Cropping Patterns using Machine Learning&quot; with &lt;a href=&quot;https://cwsindia.org/&quot; target=&quot;_blank&quot;&gt;Centre for Wildlife Studies(CWS)&lt;/a&gt;. My mentor for this project is Anubhav Vanamamalai, who is a Program Manager and Research Fellow at CWS.
&lt;/p&gt;&lt;p&gt;
The &lt;a href=&quot;https://cwsindia.org/wildseve/&quot; target=&quot;_blank&quot;&gt;Wild Seve&lt;/a&gt; program of Centre for Wildlife Studies (CWS) works towards aiding farmers in recuperating from the losses incurred during incidents of human-wildlife conflict. These conflict incidents are due to wildlife such as tigers, leopards, elephants, and other protected wildlife. This is a unique and commendable initiative of CWS. The objective of this project for the Summer of Earth Engine is to develop an automated approach of mapping croplands in the Bandipur and Nagarahole regions of Karnataka. A machine learning based approach for mapping croplands in the human-wildlife conflict zones could prove to be of great help to the Wild Seve program and its beneficiaries.
&lt;/p&gt;
&lt;p&gt;
  We are working on implementing a supervised classification approach for crop classification over a fusion of satellite imagery captured by Sentinel-1 and Sentinel-2. The ground truth captured for the Wild Seve Project of CWS is being utilized as the training data for this project. The dataset consists of around 11000 data points spanning from July 2015 to March 2019 for the areas of Bandipur and Nagarhole. We have developed a data explorer app with Google Earth Engine to efficiently explore and understand the data distribution - both spatially and temporally.
  &lt;/p&gt;&lt;br&gt;
  &lt;center&gt;&lt;img src=&quot;/assets/1.png&quot;/&gt;The Data Explorer App developed using Google Earth Engine
&lt;/center&gt;&lt;br&gt;
&lt;p&gt;The explorer app allows users to filter data based on Crop of Interest, Month and Year and visualizes the results over the map section of the app. The satellite imagery from Sentinel 2 - Multispectral Instrument of the selected temporal period gets updated as the base imagery in the app to provide the temporal context to the data being visualized. After analyzing the data points, we have selected 4 crops spanning across October to December 2018 and are working on implementing the crop classification for these subset of data points with Google Earth Engine. &lt;a href=&quot;https://earthengine.google.com/&quot; target=&quot;_blank&quot;&gt;Google Earth Engine&lt;/a&gt; (GEE) has a host of built-in &lt;a href=&quot;https://developers.google.com/earth-engine/classification&quot; target=&quot;_blank&quot;&gt;classifiers&lt;/a&gt; such as CART, Naive Bayes, Decision Trees, Random Forest, Support Vector Machines and others to work with satellite imagery. GEE, in addition to supporting custom raster datasets, has a huge collection of satellite data products in its &lt;a href=&quot;https://developers.google.com/earth-engine/datasets/&quot; target=&quot;_blank&quot;&gt;Data Catalogue&lt;/a&gt; that can be imported into the platform, for processing and analysis. Its support for large scale and rapid classification of satellite products, is helping researchers focus on improving the classifier performance without worrying too much about the infrastructure. Thus GEE forms an apt choice for rapid geospatial data classification and analysis.
&lt;/p&gt;
&lt;p&gt;So far we have experimented with Classical Machine Learning approaches such as Random Forest and Support Vector Machines with Sentinel 1 and Sentinel 2 Products available in Google Earth Engine and have achieved fairly good results with the classifier. &lt;/p&gt;
&lt;br&gt;
&lt;center&gt;&lt;img src=&quot;/assets/2.png&quot;/&gt;Snapshot of the Classifier Results with Google Earth Engine

&lt;/center&gt;&lt;br&gt;
&lt;p&gt;
  GEE is also known to work well in conjunction with the popular machine learning library Tensorflow for Deep Neural Networks based Classification models. We are working towards improving the existing classifier performance and also implementing a neural network based classifier and intend to perform a comparative analysis of its performance against the classical machine learning approaches.
  &lt;/p&gt;
&lt;/div&gt;</content><author><name>abhishekp</name></author><category term="Google" /><category term="Summer of Earth Engine" /><category term="SoEE" /><category term="Earth Engine" /><summary type="html">I have been selected for the Google Summer of Earth Engine Research Program for the project - &quot;Tracing Wildlife Conflict in India through Cropping Patterns using Machine Learning&quot;.</summary></entry><entry><title type="html">Mother Nature</title><link href="http://localhost:4000/2019/04/19/mother-nature.html" rel="alternate" type="text/html" title="Mother Nature" /><published>2019-04-19T21:14:00+05:30</published><updated>2019-04-19T21:14:00+05:30</updated><id>http://localhost:4000/2019/04/19/mother-nature</id><content type="html" xml:base="http://localhost:4000/2019/04/19/mother-nature.html">&lt;div dir=&quot;ltr&quot; style=&quot;text-align: left;&quot; trbidi=&quot;on&quot;&gt;&lt;blockquote class=&quot;tr_bq&quot;&gt;&lt;em class=&quot;markup--em markup--blockquote-em&quot;&gt;Foreword: “I had authored this sonnet, back in my school days and am still fond of it!”&lt;/em&gt;&lt;/blockquote&gt;&lt;table align=&quot;center&quot; cellpadding=&quot;0&quot; cellspacing=&quot;0&quot; class=&quot;tr-caption-container&quot; style=&quot;margin-left: auto; margin-right: auto; text-align: center;&quot;&gt;&lt;tbody&gt;&lt;tr&gt;&lt;td style=&quot;text-align: center;&quot;&gt;&lt;a href=&quot;https://4.bp.blogspot.com/-4UrwnJ-74mE/WHZrz6kFpnI/AAAAAAAANKQ/ioRZ8FXaKg81aOLuMg-FLq7vLp-6ILwQgCPcBGAYYCw/s1600/river-forest-sunset-1.jpg&quot; imageanchor=&quot;1&quot; style=&quot;margin-left: auto; margin-right: auto;&quot;&gt;&lt;img border=&quot;0&quot; data-original-height=&quot;1000&quot; data-original-width=&quot;1600&quot; height=&quot;400&quot; src=&quot;https://4.bp.blogspot.com/-4UrwnJ-74mE/WHZrz6kFpnI/AAAAAAAANKQ/ioRZ8FXaKg81aOLuMg-FLq7vLp-6ILwQgCPcBGAYYCw/s640/river-forest-sunset-1.jpg&quot; width=&quot;640&quot; /&gt;&lt;/a&gt;&lt;/td&gt;&lt;/tr&gt;&lt;tr&gt;&lt;td class=&quot;tr-caption&quot; style=&quot;text-align: center;&quot;&gt;Image Source: Unkown&lt;/td&gt;&lt;/tr&gt;&lt;/tbody&gt;&lt;/table&gt;&lt;br /&gt;&lt;br /&gt;&lt;div class=&quot;graf graf--p graf-after--blockquote&quot; id=&quot;de6d&quot; name=&quot;de6d&quot; style=&quot;text-align: center;&quot;&gt;&lt;span style=&quot;font-size: normal;&quot;&gt;As I wandered in the garden of the Almighty,&lt;/span&gt;&lt;/div&gt;&lt;div class=&quot;graf graf--p graf-after--p&quot; id=&quot;df48&quot; name=&quot;df48&quot; style=&quot;text-align: center;&quot;&gt;&lt;span style=&quot;font-size: normal;&quot;&gt;I am across a beautiful scenery,&lt;/span&gt;&lt;/div&gt;&lt;div class=&quot;graf graf--p graf-after--p&quot; id=&quot;df48&quot; name=&quot;df48&quot; style=&quot;text-align: center;&quot;&gt;&lt;br /&gt;&lt;/div&gt;&lt;div class=&quot;graf graf--p graf-after--p&quot; id=&quot;472a&quot; name=&quot;472a&quot; style=&quot;text-align: center;&quot;&gt;&lt;span style=&quot;font-size: normal;&quot;&gt;there were birds, flowers and trees thriving happily,&lt;/span&gt;&lt;/div&gt;&lt;div class=&quot;graf graf--p graf-after--p&quot; id=&quot;4fc7&quot; name=&quot;4fc7&quot; style=&quot;text-align: center;&quot;&gt;&lt;span style=&quot;font-size: normal;&quot;&gt;they stayed together day and night, in peace and harmony;&lt;/span&gt;&lt;/div&gt;&lt;div class=&quot;graf graf--p graf-after--p&quot; id=&quot;4fc7&quot; name=&quot;4fc7&quot; style=&quot;text-align: center;&quot;&gt;&lt;br /&gt;&lt;/div&gt;&lt;div class=&quot;graf graf--p graf-after--p&quot; id=&quot;6371&quot; name=&quot;6371&quot; style=&quot;text-align: center;&quot;&gt;&lt;span style=&quot;font-size: normal;&quot;&gt;As I moved further, a dark speck was seen by me,&lt;/span&gt;&lt;/div&gt;&lt;div class=&quot;graf graf--p graf-after--p&quot; id=&quot;6389&quot; name=&quot;6389&quot; style=&quot;text-align: center;&quot;&gt;&lt;span style=&quot;font-size: normal;&quot;&gt;the dark speck was a man ruining this scenery;&lt;/span&gt;&lt;/div&gt;&lt;div class=&quot;graf graf--p graf-after--p&quot; id=&quot;6389&quot; name=&quot;6389&quot; style=&quot;text-align: center;&quot;&gt;&lt;br /&gt;&lt;/div&gt;&lt;div class=&quot;graf graf--p graf-after--p&quot; id=&quot;8490&quot; name=&quot;8490&quot; style=&quot;text-align: center;&quot;&gt;&lt;span style=&quot;font-size: normal;&quot;&gt;I could hear the birds fleeing and the pleading trees,&lt;/span&gt;&lt;/div&gt;&lt;div class=&quot;graf graf--p graf-after--p&quot; id=&quot;b316&quot; name=&quot;b316&quot; style=&quot;text-align: center;&quot;&gt;&lt;span style=&quot;font-size: normal;&quot;&gt;The cruel man was destroying life, under the pretext of his needs;&lt;/span&gt;&lt;/div&gt;&lt;div class=&quot;graf graf--p graf-after--p&quot; id=&quot;b316&quot; name=&quot;b316&quot; style=&quot;text-align: center;&quot;&gt;&lt;br /&gt;&lt;/div&gt;&lt;div class=&quot;graf graf--p graf-after--p&quot; id=&quot;9496&quot; name=&quot;9496&quot; style=&quot;text-align: center;&quot;&gt;&lt;span style=&quot;font-size: normal;&quot;&gt;I prayed to God to stop this unkind and cruel act,&lt;/span&gt;&lt;/div&gt;&lt;div class=&quot;graf graf--p graf-after--p&quot; id=&quot;67e1&quot; name=&quot;67e1&quot; style=&quot;text-align: center;&quot;&gt;&lt;span style=&quot;font-size: normal;&quot;&gt;to save the future and to save the man-nature pact.&lt;/span&gt;&lt;/div&gt;&lt;div class=&quot;graf graf--p graf-after--p&quot; id=&quot;67e1&quot; name=&quot;67e1&quot; style=&quot;text-align: center;&quot;&gt;&lt;br /&gt;&lt;/div&gt;&lt;div class=&quot;graf graf--p graf-after--p&quot; id=&quot;aa8e&quot; name=&quot;aa8e&quot; style=&quot;text-align: center;&quot;&gt;&lt;span style=&quot;font-size: normal;&quot;&gt;In the morn when I awoke, it was just a dream,&lt;/span&gt;&lt;/div&gt;&lt;div class=&quot;graf graf--p graf-after--p&quot; id=&quot;cfbb&quot; name=&quot;cfbb&quot; style=&quot;text-align: center;&quot;&gt;&lt;span style=&quot;font-size: normal;&quot;&gt;that got me thinking “how was man so selfish and so mean&amp;nbsp;?”&lt;/span&gt;&lt;/div&gt;&lt;div class=&quot;graf graf--p graf-after--p&quot; id=&quot;cfbb&quot; name=&quot;cfbb&quot; style=&quot;text-align: center;&quot;&gt;&lt;br /&gt;&lt;/div&gt;&lt;div class=&quot;graf graf--p graf-after--p&quot; id=&quot;a7af&quot; name=&quot;a7af&quot; style=&quot;text-align: center;&quot;&gt;&lt;span style=&quot;font-size: normal;&quot;&gt;though a dream it was, but had taught a vital lesson to me,&lt;/span&gt;&lt;/div&gt;&lt;div class=&quot;graf graf--p graf-after--p graf--trailing&quot; id=&quot;a548&quot; name=&quot;a548&quot; style=&quot;text-align: center;&quot;&gt;&lt;span style=&quot;font-size: normal;&quot;&gt;So O Nature, I promise never to harm thee&amp;nbsp;!&lt;/span&gt;&lt;/div&gt;&lt;div class=&quot;graf graf--p graf-after--p graf--trailing&quot; id=&quot;a548&quot; name=&quot;a548&quot; style=&quot;text-align: center;&quot;&gt;&lt;br /&gt;&lt;/div&gt;&lt;div class=&quot;graf graf--p graf-after--p graf--trailing&quot; id=&quot;a548&quot; name=&quot;a548&quot; style=&quot;text-align: right;&quot;&gt;&lt;span style=&quot;font-size: normal;&quot;&gt;- Abhishek V. Potnis &lt;/span&gt;&lt;/div&gt;&lt;/div&gt;</content><author><name>abhishekp</name></author><category term="Miscellaneous" /><category term="Nature" /><category term="Earth" /><category term="Poetry" /><summary type="html">I had authored this sonnet, back in my school days!</summary></entry><entry><title type="html">Installing and Running Librat - A Monte Carlo Ray Tracing Library</title><link href="http://localhost:4000/2017/01/12/installing-and-running-librat-monte.html" rel="alternate" type="text/html" title="Installing and Running Librat - A Monte Carlo Ray Tracing Library" /><published>2017-01-12T11:33:00+05:30</published><updated>2017-01-12T11:33:00+05:30</updated><id>http://localhost:4000/2017/01/12/installing-and-running-librat-monte</id><content type="html" xml:base="http://localhost:4000/2017/01/12/installing-and-running-librat-monte.html">&lt;div dir=&quot;ltr&quot; style=&quot;text-align: left;&quot; trbidi=&quot;on&quot;&gt;Librat is a free-ware Monte Carlo Ray Tracing Library developed at &lt;a href=&quot;http://www.geog.ucl.ac.uk/&quot;&gt;UCL Geography&lt;/a&gt;, by &lt;a href=&quot;http://www.geog.ucl.ac.uk/about-the-department/people/academic-staff/philip-lewis&quot;&gt;Prof. P. Lewis&lt;/a&gt; and &lt;a href=&quot;http://www.geog.ucl.ac.uk/about-the-department/people/academic-staff/mat-disney&quot;&gt;Dr. M. Disney&lt;/a&gt;.  The official documentation on Librat can be found &lt;a href=&quot;https://librat.wikispaces.com/&quot;&gt;here&lt;/a&gt;.&lt;br /&gt;&lt;br /&gt;&lt;table align=&quot;center&quot; cellpadding=&quot;0&quot; cellspacing=&quot;0&quot; class=&quot;tr-caption-container&quot; style=&quot;margin-left: auto; margin-right: auto; text-align: center;&quot;&gt;&lt;tbody&gt;&lt;tr&gt;&lt;td style=&quot;text-align: center;&quot;&gt;&lt;a href=&quot;https://4.bp.blogspot.com/-SfGmH0IUUJc/WHcb3wuRzCI/AAAAAAAANMM/TUorC5zifCUcP3ImM5Fubetp26_YsjtTQCLcB/s1600/cboxgi.jpg&quot; style=&quot;margin-left: auto; margin-right: auto;&quot;&gt;&lt;img border=&quot;0&quot; height=&quot;480&quot; src=&quot;https://4.bp.blogspot.com/-SfGmH0IUUJc/WHcb3wuRzCI/AAAAAAAANMM/TUorC5zifCUcP3ImM5Fubetp26_YsjtTQCLcB/s640/cboxgi.jpg&quot; width=&quot;640&quot; /&gt;&lt;/a&gt;&lt;/td&gt;&lt;/tr&gt;&lt;tr&gt;&lt;td class=&quot;tr-caption&quot; style=&quot;text-align: center;&quot;&gt;Source: http://graphics.stanford.edu/~henrik/&amp;nbsp;&lt;/td&gt;&lt;/tr&gt;&lt;/tbody&gt;&lt;/table&gt;&lt;br /&gt;I had faced some difficulty, trying to get Librat up and running on my Ubuntu and so once I did, I decided to write a simplified set of instructions for others to follow. So here goes.&lt;br /&gt;&lt;br /&gt;&lt;br /&gt;&lt;b&gt;Installation &lt;/b&gt;&lt;br /&gt;&lt;br /&gt;&lt;div&gt;Download the installation bash script from here: &lt;a href=&quot;http://www2.geog.ucl.ac.uk/~plewis/bpms/src/lib/configure&quot; target=&quot;_blank&quot;&gt;http://www2.geog.ucl.ac.uk/~plewis/bpms/src/lib/configure &lt;/a&gt;&lt;br /&gt;&lt;br /&gt;&lt;/div&gt;&lt;div&gt;1. Make it executable: &lt;br /&gt;&lt;pre style=&quot;background: #f0f0f0; border: 1px dashed #cccccc; color: black; font-family: &amp;quot;arial&amp;quot;; font-size: 12px; height: auto; line-height: 20px; overflow: auto; padding: 0px; text-align: left; width: 99%;&quot;&gt;&lt;code style=&quot;color: black; word-wrap: normal;&quot;&gt; $ chmod +x configure.sh &lt;br /&gt;&lt;/code&gt;&lt;/pre&gt;&lt;center&gt;&lt;br /&gt;&lt;/center&gt;2. Run the script:  &lt;br /&gt;&lt;pre style=&quot;background: #f0f0f0; border: 1px dashed #cccccc; color: black; font-family: &amp;quot;arial&amp;quot;; font-size: 12px; height: auto; line-height: 20px; overflow: auto; padding: 0px; text-align: left; width: 99%;&quot;&gt;&lt;code style=&quot;color: black; word-wrap: normal;&quot;&gt; $ /.configure.sh&lt;br /&gt;&lt;/code&gt;&lt;/pre&gt;You should find the directory 'bpms' under /home/yourUsrNm/ after completion of the script.&lt;br /&gt;&lt;br /&gt;3. Download hipstats executable from &lt;a href=&quot;http://www2.geog.ucl.ac.uk/~plewis/bpms/bin/x86_64/&quot; target=&quot;_blank&quot;&gt;http://www2.geog.ucl.ac.uk/~plewis/bpms/bin/x86_64/&lt;/a&gt;. Paste it in the home/yourUsrNm/bpms/bin/yourSystemArch directory&lt;br /&gt;&lt;br /&gt;4. Set Path  &lt;br /&gt;&lt;pre style=&quot;background: #f0f0f0; border: 1px dashed #cccccc; color: black; font-family: &amp;quot;arial&amp;quot;; font-size: 12px; height: auto; line-height: 20px; overflow: auto; padding: 0px; text-align: left; width: 99%;&quot;&gt;&lt;code style=&quot;color: black; word-wrap: normal;&quot;&gt; sudo gedit .bashrc&lt;br /&gt;&lt;/code&gt;&lt;/pre&gt;Append the following lines to .bashrc&lt;br /&gt;&lt;pre style=&quot;background: #f0f0f0; border: 1px dashed #cccccc; color: black; font-family: &amp;quot;arial&amp;quot;; font-size: 12px; height: auto; line-height: 20px; overflow: auto; padding: 0px; text-align: left; width: 99%;&quot;&gt;&lt;code style=&quot;color: black; word-wrap: normal;&quot;&gt;export PATH=${PATH}:/home/yourUsrNm/bpms/bin/yourSystemArch&lt;br /&gt;export PATH=${PATH}:/home/yourUsrNm/bpms/bin/csh&lt;br /&gt;export LD_LIBRARY_PATH=${LD_LIBRARY_PATH}:/home/usrnm/bpms/src/lib&lt;br /&gt;export BPMS=/home/yourUsrNm/bpms&lt;br /&gt;#{Replace yourUsrNm with your Username}&lt;br /&gt;#{Replace yourSystemArch with your system architecture | Can be found b 'uname -my'}&lt;br /&gt;&lt;/code&gt;&lt;/pre&gt;Save, Close and Reload .bashrc. ~/.bashrc&lt;br /&gt;&lt;br /&gt;&lt;b&gt;Running&lt;/b&gt;&lt;br /&gt;&lt;br /&gt;1. Download and extract test examples say in a directory 'lidar' {preferably in the home directory} from here: &lt;a href=&quot;http://www2.geog.ucl.ac.uk/~plewis/bpms/src/start/tests/lidar/lidar.tar.Z&quot; target=&quot;_blank&quot;&gt;http://www2.geog.ucl.ac.uk/~plewis/bpms/src/start/tests/lidar/lidar.tar.Z &lt;/a&gt;&lt;br /&gt;&lt;br /&gt;cd into the extracted directory &lt;br /&gt;&lt;br /&gt;&lt;pre style=&quot;background: #f0f0f0; border: 1px dashed #cccccc; color: black; font-family: &amp;quot;arial&amp;quot;; font-size: 12px; height: auto; line-height: 20px; overflow: auto; padding: 0px; text-align: left; width: 99%;&quot;&gt;&lt;code style=&quot;color: black; word-wrap: normal;&quot;&gt;echo 16 0 0 100000 200000 200000 512 512 1 heightmap2.hips | ../bpms/src/start/start -v testslope.obj&lt;/code&gt;&lt;/pre&gt;&lt;br /&gt;Explanation of the syntax can be found here:&amp;nbsp;&lt;a href=&quot;http://www2.geog.ucl.ac.uk/~plewis/bpms/src/start/tests/lidar/lidar1.html&quot;&gt;http://www2.geog.ucl.ac.uk/~plewis/bpms/src/start/tests/lidar/lidar1.html&lt;/a&gt;&lt;br /&gt;&lt;br /&gt;It will generate the heightmap2.hips file.&lt;br /&gt;&lt;br /&gt;&lt;pre style=&quot;background: #f0f0f0; border: 1px dashed #cccccc; color: black; font-family: &amp;quot;arial&amp;quot;; font-size: 12px; height: auto; line-height: 20px; overflow: auto; padding: 0px; text-align: left; width: 99%;&quot;&gt;&lt;code style=&quot;color: black; word-wrap: normal;&quot;&gt;hipstats &amp;lt; heightmap2.hips&lt;/code&gt;&lt;/pre&gt;&lt;br /&gt;This should give something on the lines of ' Frame 0 : n=262144 mean=549.504 SD=57666.326 Min=-99999.219 Max=99998.898' &lt;br /&gt;&lt;br /&gt;2. Lets now convert the .hips file into a viewable image &lt;br /&gt;&lt;br /&gt;&lt;pre style=&quot;background: #f0f0f0; border: 1px dashed #cccccc; color: black; font-family: &amp;quot;arial&amp;quot;; font-size: 12px; height: auto; line-height: 20px; overflow: auto; padding: 0px; text-align: left; width: 99%;&quot;&gt;&lt;code style=&quot;color: black; word-wrap: normal;&quot;&gt;linear &amp;lt; heightmap2.hips | hips2pbm &amp;gt; image.pbm&lt;/code&gt;&lt;/pre&gt;&lt;br /&gt;A file 'image.pbm' would be generated. You can view the file using&lt;br /&gt;&lt;br /&gt;&lt;pre style=&quot;background: #f0f0f0; border: 1px dashed #cccccc; color: black; font-family: &amp;quot;arial&amp;quot;; font-size: 12px; height: auto; line-height: 20px; overflow: auto; padding: 0px; text-align: left; width: 99%;&quot;&gt;&lt;code style=&quot;color: black; word-wrap: normal;&quot;&gt;display image.pbm&lt;/code&gt;&lt;/pre&gt;&lt;br /&gt;3. Convert the image into a .gif using&lt;br /&gt;&lt;br /&gt;&lt;pre style=&quot;background: #f0f0f0; border: 1px dashed #cccccc; color: black; font-family: &amp;quot;arial&amp;quot;; font-size: 12px; height: auto; line-height: 20px; overflow: auto; padding: 0px; text-align: left; width: 99%;&quot;&gt;&lt;code style=&quot;color: black; word-wrap: normal;&quot;&gt;convert image.pbm image.gif&lt;/code&gt;&lt;/pre&gt;&lt;br /&gt;You can now open the image.gif file to see the generated image. &lt;br /&gt;&lt;br /&gt;If you see an image as expected, everything has worked fine. Go ahead and start working with Librat! Have a great day! :D&lt;br /&gt;&lt;br /&gt;&lt;/div&gt;&lt;/div&gt;</content><author><name>abhishekp</name></author><category term="Linux" /><category term="Tutorial" /><category term="Ubuntu" /><summary type="html">Tutorial on Installing Librat - A Monte Carlo Ray Tracing Library</summary></entry><entry><title type="html">A Salute to the God of Cricket</title><link href="http://localhost:4000/2017/01/02/a-salute-to-god-of-cricket.html" rel="alternate" type="text/html" title="A Salute to the God of Cricket" /><published>2017-01-02T22:42:00+05:30</published><updated>2017-01-02T22:42:00+05:30</updated><id>http://localhost:4000/2017/01/02/a-salute-to-god-of-cricket</id><content type="html" xml:base="http://localhost:4000/2017/01/02/a-salute-to-god-of-cricket.html">&lt;div dir=&quot;ltr&quot; style=&quot;text-align: left;&quot; trbidi=&quot;on&quot;&gt;&lt;i&gt;Foreword: &quot;I had authored the following article, back in early 2013, when India's favorite batsman - Sachin had announced his retirement from One Day Internationals. This article is my tribute to the God of Cricket.&quot;&lt;/i&gt;&lt;br /&gt;&lt;div&gt;&lt;i&gt;&lt;br /&gt;&lt;/i&gt;&lt;br /&gt;&lt;table align=&quot;center&quot; cellpadding=&quot;0&quot; cellspacing=&quot;0&quot; class=&quot;tr-caption-container&quot; style=&quot;margin-left: auto; margin-right: auto; text-align: center;&quot;&gt;&lt;tbody&gt;&lt;tr&gt;&lt;td style=&quot;text-align: center;&quot;&gt;&lt;a href=&quot;https://3.bp.blogspot.com/-WNJ0j7stQhg/WHZplRZ7PxI/AAAAAAAANKA/1GgOmOe3qJAOJaGHFC9xr0qeNDYDa81QwCLcB/s1600/sachin.jpg&quot; style=&quot;margin-left: auto; margin-right: auto;&quot;&gt;&lt;img border=&quot;0&quot; height=&quot;451&quot; src=&quot;https://3.bp.blogspot.com/-WNJ0j7stQhg/WHZplRZ7PxI/AAAAAAAANKA/1GgOmOe3qJAOJaGHFC9xr0qeNDYDa81QwCLcB/s640/sachin.jpg&quot; width=&quot;640&quot; /&gt;&lt;/a&gt;&lt;/td&gt;&lt;/tr&gt;&lt;tr&gt;&lt;td class=&quot;tr-caption&quot; style=&quot;text-align: center;&quot;&gt;Source: http://www.espncricinfo.com/&amp;nbsp;&lt;/td&gt;&lt;/tr&gt;&lt;/tbody&gt;&lt;/table&gt;&lt;br /&gt;&lt;div style=&quot;text-align: justify;&quot;&gt;Sachin Ramesh Tendulkar, this name requires no introduction to us Indians. In a country where cricket is worshipped in every nook and cranny, Sachin is aptly referred to as the God of Cricket. He is considered as a living legend by many in the world of cricket and has been gaining respect and fame ever since his international test debut v/s Pakistan in November 1989.&lt;/div&gt;&lt;center&gt;&lt;/center&gt;&lt;br&gt;&lt;div style=&quot;text-align: justify;&quot;&gt;The Little Master truly epitomizes the alpha and omega of cricket. Age seems to be of very little effect on his performance in the game. He has always been able to silence his critics by his mere bat up till now.  Of course like every sports player, he too has suffered from dips in form, but just like a man on mission, he has risen to every occasion and out-performed himself, thereby making his country proud. He is someone who lets his bat do all the talking, unlike others who like to brag on about themselves. Sachin holds numerous records in international cricket and is an apt candidate for the ICC Cricket Hall of Fame, but the thing that makes him stand out is his humility and his love for the nation. On the field, he has himself walked away on numerous occasions, even before the third umpire’s decision, when he knew he was out. This shows his dedication to the spirit of the game. Almost all players who have got the opportunity to share the dressing room with him have mentioned his encouraging and supportive nature. His mere presence acts as a catalyst for the team that helps bring out the best in them.&lt;/div&gt;&lt;div style=&quot;text-align: justify;&quot;&gt;&lt;br /&gt;&lt;/div&gt;&lt;div style=&quot;text-align: justify;&quot;&gt;For the die-hard fans of Sachin, the day when he announced his retirement from the ODI format is very much a nightmare. Alas, gone are the days when this man sporting a blue jersey no. 10, used to walk on the field to the crowds’ great applause. He never ceases to surprise us; just when the air was thick with whispers of his retirement and the drop in his form, he notched up a ton in Ranji Trophy quarter-final against Baroda at the Wankhede Stadium; this says it all. Sachin was and continues to be an idol for many young cricketers today. His heroics with the bat will be remembered forever in the history of cricket.&lt;/div&gt;&lt;div style=&quot;text-align: justify;&quot;&gt;&lt;br /&gt;&lt;/div&gt;&lt;div style=&quot;text-align: justify;&quot;&gt;The only silver lining to his retirement from ODI format is that - we still will be able to watch him play in Test cricket. So let’s sit back and enjoy watching the last of the Little Master’s play because it will not be long before he announces his retirement from international test cricket as well. Hope that Sachin continues to entertain us with his impeccable game. Salute to you ‘O GOD of Cricket!’&lt;/div&gt;&lt;div data-mce-style=&quot;text-align: justify;&quot; style=&quot;margin-bottom: 30px; text-align: justify;&quot;&gt;&lt;div style=&quot;color: #444444;&quot;&gt;&lt;span style=&quot;font-family: inherit;&quot;&gt;&lt;/span&gt;&lt;/div&gt;&lt;div style=&quot;text-align: right;&quot;&gt;&lt;div style=&quot;color: #444444; text-align: justify;&quot;&gt;&lt;span style=&quot;font-family: inherit;&quot;&gt;&lt;br /&gt;&lt;/span&gt;&lt;/div&gt;&lt;div style=&quot;text-align: right;&quot;&gt;&lt;span style=&quot;font-family: inherit;&quot;&gt;- Abhishek V. Potnis&lt;/span&gt;&lt;/div&gt;&lt;br&gt;&lt;/div&gt;&lt;/div&gt;&lt;/div&gt;&lt;/div&gt;</content><author><name>abhishekp</name></author><category term="Miscellaneous" /><category term="Sports" /><summary type="html">I had authored this article, back in early 2013, when India's favorite batsman - Sachin had announced his retirement from One Day Internationals. This article is my tribute to the God of Cricket!</summary></entry><entry><title type="html">Installing a Font in your Ubuntu</title><link href="http://localhost:4000/2016/11/07/installing-font-in-your-ubuntu.html" rel="alternate" type="text/html" title="Installing a Font in your Ubuntu" /><published>2016-11-07T12:00:00+05:30</published><updated>2016-11-07T12:00:00+05:30</updated><id>http://localhost:4000/2016/11/07/installing-font-in-your-ubuntu</id><content type="html" xml:base="http://localhost:4000/2016/11/07/installing-font-in-your-ubuntu.html">&lt;div dir=&quot;ltr&quot; style=&quot;text-align: left;&quot; trbidi=&quot;on&quot;&gt;So you wish to install a font in your Ubuntu, here's how:&lt;br /&gt;&lt;br /&gt;&lt;table align=&quot;center&quot; cellpadding=&quot;0&quot; cellspacing=&quot;0&quot; class=&quot;tr-caption-container&quot; style=&quot;margin-left: auto; margin-right: auto; text-align: center;&quot;&gt;&lt;tbody&gt;&lt;tr&gt;&lt;td style=&quot;text-align: center;&quot;&gt;&lt;a href=&quot;https://cdn2.fontsquirrel.com/fnt_imgs/12/b13e/1fb62fe03b9039600c319d52b9/sp-720.png&quot; style=&quot;margin-left: auto; margin-right: auto;&quot;&gt;&lt;img border=&quot;0&quot; height=&quot;444&quot; src=&quot;https://cdn2.fontsquirrel.com/fnt_imgs/12/b13e/1fb62fe03b9039600c319d52b9/sp-720.png&quot; width=&quot;640&quot; /&gt;&lt;/a&gt;&lt;/td&gt;&lt;/tr&gt;&lt;tr&gt;&lt;td class=&quot;tr-caption&quot; style=&quot;text-align: center;&quot;&gt;Image Source: https://www.fontsquirrel.com/&amp;nbsp;&lt;/td&gt;&lt;/tr&gt;&lt;/tbody&gt;&lt;/table&gt;&lt;br /&gt;&lt;br /&gt;1. Download the font. It will generally be a compressed file(.zip) containing many. otf and/or .ttf files. Extract the files in a folder in your Home directory.&lt;br /&gt;&lt;br /&gt;&lt;br /&gt;2. Create a new directory in your system font directory.&lt;br /&gt;&lt;br /&gt;&lt;br /&gt;If you have both .ttf and .otf files, then you need to execute both the commands given below. If you have either one of the files, then only execute the command corresponding to that file type.&lt;br /&gt;&lt;br /&gt;For .ttf files:&lt;br /&gt;&lt;br /&gt;&lt;pre style=&quot;background: #f0f0f0; border: 1px dashed #cccccc; color: black; font-family: &amp;quot;arial&amp;quot;; font-size: 12px; height: auto; line-height: 20px; overflow: auto; padding: 0px; text-align: left; width: 99%;&quot;&gt;&lt;code style=&quot;color: black; word-wrap: normal;&quot;&gt;sudo mkdir -p /usr/share/fonts/truetype/your-font-name&lt;/code&gt;&lt;/pre&gt;&lt;br /&gt;&lt;br /&gt;For .otf files:&lt;br /&gt;&lt;br /&gt;&lt;pre style=&quot;background: #f0f0f0; border: 1px dashed #cccccc; color: black; font-family: &amp;quot;arial&amp;quot;; font-size: 12px; height: auto; line-height: 20px; overflow: auto; padding: 0px; text-align: left; width: 99%;&quot;&gt;&lt;code style=&quot;color: black; word-wrap: normal;&quot;&gt;sudo mkdir -p /usr/share/fonts/opentype/your-font-name&lt;/code&gt;&lt;/pre&gt;&lt;br /&gt;This will create a directory in your system font directory. The '-p' option with mkdir will create the parent directories as necessary and won't return an error in case a directory already exists.&lt;br /&gt;&lt;br /&gt;&lt;br /&gt; 3. Now copy the extracted files from your Home directory to the newly created directory(ies) in (2).&lt;br /&gt;&lt;br /&gt;For .ttf files:&lt;br /&gt;&lt;br /&gt;&lt;pre style=&quot;background: #f0f0f0; border: 1px dashed #cccccc; color: black; font-family: &amp;quot;arial&amp;quot;; font-size: 12px; height: auto; line-height: 20px; overflow: auto; padding: 0px; text-align: left; width: 99%;&quot;&gt;&lt;code style=&quot;color: black; word-wrap: normal;&quot;&gt;sudo cp ~/folder-containing-font-files/*.ttf /usr/share/fonts/truetype/your-font-name&lt;/code&gt;&lt;/pre&gt;&lt;br /&gt;For .otf files:&lt;br /&gt;&lt;br /&gt;&lt;pre style=&quot;background: #f0f0f0; border: 1px dashed #cccccc; color: black; font-family: &amp;quot;arial&amp;quot;; font-size: 12px; height: auto; line-height: 20px; overflow: auto; padding: 0px; text-align: left; width: 99%;&quot;&gt;&lt;code style=&quot;color: black; word-wrap: normal;&quot;&gt;sudo cp ~/folder-containing-font-files/*.otf /usr/share/fonts/opentype/your-font-name&lt;/code&gt;&lt;/pre&gt;&lt;br /&gt;4. Now update the font cache.&lt;br /&gt;&lt;br /&gt;&lt;pre style=&quot;background: #f0f0f0; border: 1px dashed #cccccc; color: black; font-family: &amp;quot;arial&amp;quot;; font-size: 12px; height: auto; line-height: 20px; overflow: auto; padding: 0px; text-align: left; width: 99%;&quot;&gt;&lt;code style=&quot;color: black; word-wrap: normal;&quot;&gt;sudo fc-cache -f -v&lt;/code&gt;&lt;/pre&gt;&lt;center&gt;&lt;br /&gt;&lt;/center&gt;&lt;div style=&quot;text-align: justify;&quot;&gt;&lt;b&gt;Note: &lt;/b&gt;This will install the font for all users of the system. If you wish to install the font only for yourself(current user), then simply create a '.fonts' directory in your Home directory and copy the extracted font files to the '.fonts' directory as we do in Step 3. Finally update the font cache as we do in Step 4 but without the 'sudo'.&lt;/div&gt;&lt;br /&gt;&lt;b&gt;Trivia&lt;/b&gt;&lt;br /&gt;&lt;br /&gt;Q. What do otf and ttf stand for?&lt;br /&gt;&lt;br /&gt;A: OTF stands for Open Type Font and TTF stand for True Type Font. &lt;a href=&quot;https://en.wikipedia.org/wiki/OpenType&quot;&gt;OpenType&lt;/a&gt; was built on its predecessor &lt;a href=&quot;https://en.wikipedia.org/wiki/TrueType&quot;&gt;TrueType&lt;/a&gt;, retaining TrueType's basic structure and adding many intricate data structures for prescribing &lt;a href=&quot;https://en.wikipedia.org/wiki/Typography&quot;&gt;typographic&lt;/a&gt; behavior.&lt;br /&gt;&lt;br /&gt;Have a great day! :D&lt;br /&gt;&lt;br /&gt;&lt;br /&gt;&lt;/div&gt;</content><author><name>abhishekp</name></author><category term="Linux" /><category term="Tutorial" /><category term="Ubuntu" /><category term="Fonts" /><summary type="html">Tutorial on Installing a Font in Ubuntu</summary></entry><entry><title type="html">Google Summer of Code 2016 with Liquid Galaxy</title><link href="http://localhost:4000/2016/04/27/google-summer-of-code-2016-with-liquid.html" rel="alternate" type="text/html" title="Google Summer of Code 2016 with Liquid Galaxy" /><published>2016-04-27T22:59:00+05:30</published><updated>2016-04-27T22:59:00+05:30</updated><id>http://localhost:4000/2016/04/27/google-summer-of-code-2016-with-liquid</id><content type="html" xml:base="http://localhost:4000/2016/04/27/google-summer-of-code-2016-with-liquid.html">&lt;div dir=&quot;ltr&quot; style=&quot;text-align: left;&quot; trbidi=&quot;on&quot;&gt;&lt;div style=&quot;text-align: justify;&quot;&gt;Yay! I have been selected for a &lt;a href=&quot;http://summerofcode.withgoogle.com/&quot; target=&quot;_blank&quot;&gt;Google Summer of Code&lt;/a&gt; project with &lt;a href=&quot;https://github.com/LiquidGalaxy/liquid-galaxy/wiki&quot; target=&quot;_blank&quot;&gt;Liquid Galaxy&lt;/a&gt; this year. I will be working on enabling Cesium - an open source virtual globe, for Liquid Galaxy. Liquid Galaxy is a panoramic mutli-display visualization tool for an immersive and a riveting user experience. The Liquid Galaxy project started off with Google Earth for the panoramic system, and has evolved to visualize a variety of datasets with an interactive experience. The following video shows Liquid Galaxy in action!&lt;/div&gt;&lt;div style=&quot;text-align: justify;&quot;&gt;&lt;br /&gt;&lt;/div&gt;&lt;div class=&quot;separator&quot; style=&quot;clear: both; text-align: center;&quot;&gt;&lt;iframe allowfullscreen=&quot;&quot; class=&quot;YOUTUBE-iframe-video&quot; data-thumbnail-src=&quot;https://i.ytimg.com/vi/eSRCS8rV3pI/0.jpg&quot; frameborder=&quot;0&quot; height=&quot;266&quot; src=&quot;https://www.youtube.com/embed/eSRCS8rV3pI?feature=player_embedded&quot; width=&quot;320&quot;&gt;&lt;/iframe&gt;&lt;/div&gt;&lt;div style=&quot;text-align: justify;&quot;&gt;&lt;br /&gt;&lt;/div&gt;&lt;div style=&quot;text-align: justify;&quot;&gt;&lt;a href=&quot;http://cesiumjs.org/&quot; target=&quot;_blank&quot;&gt;CesiumJS &lt;/a&gt;is a javaScript library for rendering 3D globes and maps. I had done a GSoC with the Cesium Community last year for the project &lt;a href=&quot;https://cesiumjs.org/demos/DataCurtains.html&quot; target=&quot;_blank&quot;&gt;NASA's Data Curtains from Space&lt;/a&gt;. For this year's GSoC project with Liquid Galaxy, I aim to enable Cesium across multiple displays, with the Camera and the Content being synchronized amongst the Master and Slave displays. I also plan to work on Space Navigation Camera Control for Cesium.&lt;/div&gt;&lt;div style=&quot;text-align: justify;&quot;&gt;&lt;br /&gt;&lt;/div&gt;&lt;div style=&quot;text-align: justify;&quot;&gt;&amp;nbsp;I would like to thank my mentor Andrew Leahy and the Liquid Galaxy team for selecting me for this GSoC 2016 project. I am very excited to get started!&lt;/div&gt;&lt;div style=&quot;text-align: justify;&quot;&gt;&lt;br /&gt;&lt;/div&gt;&lt;div style=&quot;text-align: justify;&quot;&gt;For more information about my project, please visit the &lt;a href=&quot;https://summerofcode.withgoogle.com/projects/#6055698639093760&quot; target=&quot;_blank&quot;&gt;GSoC Project Page&lt;/a&gt;.&lt;/div&gt;&lt;div style=&quot;text-align: justify;&quot;&gt;&lt;br&gt;&lt;br&gt;&lt;/div&gt; &lt;/div&gt;</content><author><name>abhishekp</name></author><category term="GSoC" /><category term="Open Source" /><summary type="html">Yay! I have been selected in the Google Summer of Code 2016 with Liquid Galaxy for the project Enabling Cesium for Liquid Galaxy, mentored by Andrew Leahy at the Western Sydney University, Australia</summary></entry><entry><title type="html">Webmaking with Mozilla at XIE, Mumbai</title><link href="http://localhost:4000/2015/08/10/webmaking-with-mozilla-at-xie-mumbai/" rel="alternate" type="text/html" title="Webmaking with Mozilla at XIE, Mumbai" /><published>2015-08-10T00:59:29+05:30</published><updated>2015-08-10T00:59:29+05:30</updated><id>http://localhost:4000/2015/08/10/webmaking-with-mozilla-at-xie-mumbai</id><content type="html" xml:base="http://localhost:4000/2015/08/10/webmaking-with-mozilla-at-xie-mumbai/">&lt;p style=&quot;text-align:justify;&quot;&gt;'Webmaking with Mozilla' - a Webmaker Workshop was conducted by me at Xavier's Institute of Engineering, a prominent educational institute in Southern Mumbai, on Saturday, August 8, 2015.&lt;/p&gt;

&lt;p style=&quot;text-align:justify;&quot;&gt;The workshop saw a whooping participation of around 80 students, in spite of Saturday being a holiday for the institute. Most of the students were freshmen and were keen on learning about Open Source and the Web. The participants began filling in around 9:30am, and by 10:00am, we had a full house.&lt;/p&gt;

&lt;p style=&quot;text-align:justify;&quot;&gt;I started the workshop with a presentation introducing the concept of Free and Open Source Software to the students. I talked about the history of FOSS and the inception of Mozilla. Having briefed the students about Mozilla and its mission, I also touched upon the various Mozilla projects. Further I introduced the students to the Webmaker project and its tools -  Thimble, X-Ray Goggles, Popcorn Maker and Appmaker.&lt;/p&gt;
&lt;p style=&quot;text-align:justify;&quot;&gt;The presentation was followed by the hands-on session starting with Thimble, followed by other Webmaker tools. Due to a limited number of laptops being available, groups of 10-12 students were formed, with each group working on a laptop.&lt;/p&gt;
&lt;p style=&quot;text-align:justify;&quot;&gt;Giving the students ample amount of time to explore each tool, I introduced all the 4 tools, one after another. The students, enthusiastically explored the tools and came up with some really cool makes by the end of the workshop.&lt;/p&gt;
&lt;p style=&quot;text-align:justify;&quot;&gt;I maintained a &lt;a href=&quot;https://etherpad.mozilla.org/remo-mozilla-webmaker-workshop&quot; target=&quot;_blank&quot;&gt;etherpad page&lt;/a&gt; for the event to keep track of all the makes, during the workshop.&lt;/p&gt;
&lt;p style=&quot;text-align:justify;&quot;&gt;
&lt;p style=&quot;text-align:justify;&quot;&gt;
&lt;p style=&quot;text-align:justify;&quot;&gt;The following are the makes that the students came up with, during the workshop:&lt;/p&gt;
&lt;p style=&quot;text-align:justify;&quot;&gt;&lt;em&gt;Thimble Makes:&lt;/em&gt;&lt;/p&gt;
&lt;ol style=&quot;text-align:left;&quot;&gt;
&lt;li&gt;&lt;a href=&quot;https://jadhavdevendra7.makes.org/thimble/OTk3NTg5NTA0/meme-maker&quot;&gt;https://jadhavdevendra7.makes.org/thimble/OTk3NTg5NTA0/meme-maker&lt;/a&gt;&lt;/li&gt;
&lt;li&gt;&lt;a href=&quot;https://shreedhar14.makes.org/thimble/MTA2NDY5ODM2OA==/tdkr&quot;&gt;https://shreedhar14.makes.org/thimble/MTA2NDY5ODM2OA==/tdkr&lt;/a&gt;&lt;/li&gt;
&lt;li&gt;&lt;a href=&quot;https://sabihmomin.makes.org/thimble/MTA0NzkyMTE1Mg==/sabih-momin&quot; target=&quot;_blank&quot;&gt;https://sabihmomin.makes.org/thimble/MTA0NzkyMTE1Mg==/sabih-momin&lt;/a&gt;&lt;/li&gt;
&lt;li&gt;&lt;a href=&quot;https://chinmay7.makes.org/thimble/MTA5ODI1MjgwMA==/maker-party-event-reporter&quot; target=&quot;_blank&quot;&gt;https://chinmay7.makes.org/thimble/MTA5ODI1MjgwMA==/maker-party-event-reporter&lt;/a&gt;&lt;/li&gt;
&lt;li&gt;&lt;a href=&quot;https://grw007.makes.org/thimble/MTIxNTY5MzMxMg==/para-para-animation-teaching-kit&quot; target=&quot;_blank&quot;&gt;https://grw007.makes.org/thimble/MTIxNTY5MzMxMg==/para-para-animation-teaching-kit&lt;/a&gt;&lt;/li&gt;
&lt;li&gt;&lt;a href=&quot;https://venom69.makes.org/thimble/MTExNTAzMDAxNg==/venom69&quot; target=&quot;_blank&quot;&gt;https://venom69.makes.org/thimble/MTExNTAzMDAxNg==/venom69&lt;/a&gt;&lt;/li&gt;
&lt;li&gt;&lt;a href=&quot;https://dj44.makes.org/thimble/LTE3NzA2NTExMzY=/uttarakhand-himalayan-tragedy&quot; target=&quot;_blank&quot;&gt;https://dj44.makes.org/thimble/LTE3NzA2NTExMzY=/uttarakhand-himalayan-tragedy&lt;/a&gt;&lt;/li&gt;
&lt;/ol&gt;
&lt;p style=&quot;text-align:left;&quot;&gt;&lt;em&gt;X-Ray Goggles Makes:&lt;/em&gt;&lt;/p&gt;
&lt;ol style=&quot;text-align:left;&quot;&gt;
&lt;li&gt;&lt;a href=&quot;http://akki-0202.makes.org/goggles/akki0202s-remix-of-google&quot; target=&quot;_blank&quot;&gt;http://akki-0202.makes.org/goggles/akki0202s-remix-of-google&lt;/a&gt;&lt;/li&gt;
&lt;li&gt;&lt;a href=&quot;http://venom69.makes.org/goggles/venom69s-remix-of-tushar-adivarekar&quot; target=&quot;_blank&quot;&gt;http://venom69.makes.org/goggles/venom69s-remix-of-tushar-adivarekar&lt;/a&gt;&lt;/li&gt;
&lt;li&gt;&lt;a href=&quot;http://akki-0202.makes.org/goggles/akki0202s-remix-of-google-2&quot; target=&quot;_blank&quot;&gt;http://akki-0202.makes.org/goggles/akki0202s-remix-of-google-2&lt;/a&gt;&lt;/li&gt;
&lt;li&gt;&lt;a href=&quot;http://sabihmomin.makes.org/goggles/sabihmomins-remix-of-google&quot; target=&quot;_blank&quot;&gt;http://sabihmomin.makes.org/goggles/sabihmomins-remix-of-google&lt;/a&gt;&lt;/li&gt;
&lt;li&gt;&lt;a href=&quot;http://chinmay7.makes.org/goggles/chinmay7s-remix-of-home&quot; target=&quot;_blank&quot;&gt;http://chinmay7.makes.org/goggles/chinmay7s-remix-of-home&lt;/a&gt;&lt;/li&gt;
&lt;li&gt;&lt;a href=&quot;http://hacksmasher.makes.org/goggles/hacksmashers-remix-of-apple-iphone-6-plus-128gb-summary-of-13-expert-reviews-from-across-the-web-alternatives-phonecurry-india&quot; target=&quot;_blank&quot;&gt;http://hacksmasher.makes.org/goggles/hacksmashers-remix-of-apple-iphone-6-plus-128gb-summary-of-13-expert-reviews-from-across-the-web-alternatives-phonecurry-india&lt;/a&gt;&lt;/li&gt;
&lt;li&gt;&lt;a href=&quot;http://hacksmasher.makes.org/goggles/hacksmashers-remix-of-meizu-m2-note-16gb-summary-of-2-expert-reviews-from-across-the-web-alternatives-phonecurry-india&quot; target=&quot;_blank&quot;&gt;http://hacksmasher.makes.org/goggles/hacksmashers-remix-of-meizu-m2-note-16gb-summary-of-2-expert-reviews-from-across-the-web-alternatives-phonecurry-india&lt;/a&gt;&lt;/li&gt;
&lt;/ol&gt;
&lt;p style=&quot;text-align:left;&quot;&gt;&lt;em&gt;Popcorn Maker Makes:&lt;/em&gt;&lt;/p&gt;
&lt;ol style=&quot;text-align:left;&quot;&gt;
&lt;li&gt;&lt;a href=&quot;https://chinmay7.makes.org/popcorn/36mp&quot; target=&quot;_blank&quot;&gt;https://chinmay7.makes.org/popcorn/36mp&lt;/a&gt;&lt;/li&gt;
&lt;/ol&gt;
&lt;p style=&quot;text-align:left;&quot;&gt;&lt;em&gt;Appmaker App Makes:&lt;/em&gt;&lt;/p&gt;
&lt;ol style=&quot;text-align:left;&quot;&gt;
&lt;li&gt;&lt;a href=&quot;https://stimulating-yam-642.webmak.es/app&quot; target=&quot;_blank&quot;&gt;https://stimulating-yam-642.webmak.es/app&lt;/a&gt;&lt;/li&gt;
&lt;li&gt;&lt;a href=&quot;https://scarce-wax-532.webmak.es/app&quot; target=&quot;_blank&quot;&gt;https://scarce-wax-532.webmak.es/app&lt;/a&gt;&lt;/li&gt;
&lt;li&gt;&lt;a href=&quot;https://adaptable-lunch-877.webmak.es/app&quot; target=&quot;_blank&quot;&gt;https://adaptable-lunch-877.webmak.es/app&lt;/a&gt;&lt;/li&gt;
&lt;/ol&gt;
&lt;p style=&quot;text-align:justify;&quot;&gt;I held pop quizzes throughout the workshop, awarding the participants with Mozilla buttons, lanyards and wristbands. After having worked with all the tools, I took a quick poll from the students on the tool they found most interesting. The popular opinion was X-Ray Goggles. At the end of the workshop, we had a group picture as a remembrance of this wonderful event.&lt;/p&gt;
&lt;p style=&quot;text-align:justify;&quot;&gt;I would like to thank Krishna Rohila, the Chairperson of Computer Society of India Student Chapter - XIE branch and his entire team, for helping me, during the course of the workshop. It was a great experience for me teaching webmaking to the students. Hoping to conduct more such events in the future!&lt;/p&gt;</content><author><name>abhishekp</name></author><category term="remo" /><category term="webmaker" /><summary type="html">Mozilla Event Report on Webmaking with Mozilla at Xaviers Institute of Engineering, Mumbai in August 2015</summary></entry><entry><title type="html">Google Summer of Code 2015 with Cesium</title><link href="http://localhost:4000/2015/05/04/google-summer-of-code-2015-with-cesium.html" rel="alternate" type="text/html" title="Google Summer of Code 2015 with Cesium" /><published>2015-05-04T13:20:00+05:30</published><updated>2015-05-04T13:20:00+05:30</updated><id>http://localhost:4000/2015/05/04/google-summer-of-code-2015-with-cesium</id><content type="html" xml:base="http://localhost:4000/2015/05/04/google-summer-of-code-2015-with-cesium.html">&lt;div dir=&quot;ltr&quot; style=&quot;text-align: left;&quot; trbidi=&quot;on&quot;&gt;I have been selected in the&amp;nbsp;&lt;a href=&quot;https://www.google-melange.com/gsoc/project/details/google/gsoc2015/abhishekp/5741031244955648&quot; target=&quot;_blank&quot;&gt;Google Summer of Code 2015&lt;/a&gt; under &lt;a href=&quot;http://cesiumjs.org/&quot; target=&quot;_blank&quot;&gt;Cesium Community&lt;/a&gt; for the project &lt;a href=&quot;https://github.com/AnalyticalGraphicsInc/cesium/wiki/Google-Summer-of-Code-Ideas-2015#nasa&quot; target=&quot;_blank&quot;&gt;NASA's Data Curtains from Space&lt;/a&gt;, mentored by Mike McGann and Ryan Boller at NASA.&lt;br /&gt;&lt;div&gt;&lt;br /&gt;&lt;/div&gt;&lt;div class=&quot;separator&quot; style=&quot;clear: both; text-align: center;&quot;&gt;&lt;/div&gt;&lt;table align=&quot;center&quot; cellpadding=&quot;0&quot; cellspacing=&quot;0&quot; class=&quot;tr-caption-container&quot; style=&quot;margin-left: auto; margin-right: auto; text-align: center;&quot;&gt;&lt;tbody&gt;&lt;tr&gt;&lt;td style=&quot;text-align: center;&quot;&gt;&lt;a href=&quot;https://3.bp.blogspot.com/-s4Fc_sFU6jo/WLfB69Uc3HI/AAAAAAAAObo/jv1mggKI8lcwyZxwgBDvtaf5i-DgPaagwCLcB/s1600/CesiumViewer.png&quot; imageanchor=&quot;1&quot; style=&quot;margin-left: auto; margin-right: auto;&quot;&gt;&lt;img border=&quot;0&quot; height=&quot;424&quot; src=&quot;https://3.bp.blogspot.com/-s4Fc_sFU6jo/WLfB69Uc3HI/AAAAAAAAObo/jv1mggKI8lcwyZxwgBDvtaf5i-DgPaagwCLcB/s640/CesiumViewer.png&quot; width=&quot;640&quot; /&gt;&lt;/a&gt;&lt;/td&gt;&lt;/tr&gt;&lt;tr&gt;&lt;td class=&quot;tr-caption&quot; style=&quot;text-align: center;&quot;&gt;Cesium in Action&lt;br /&gt;[Source: http://cesiumjs.org]&lt;/td&gt;&lt;/tr&gt;&lt;/tbody&gt;&lt;/table&gt;&lt;div&gt;&lt;div style=&quot;text-align: justify;&quot;&gt;The project deals with scientific visualization of the vertical LiDAR profile data captured by the satellites CALIPSO and CloudSat. Currently, for CALIPSO data, most scientific visualizations show the orbit track of CALIPSO on the overhead view map along side the LiDAR profile data. The objective of this project is to visualize both the orbital track on the flat maps and the LiDAR profile data together. This can be done by using the Cesium Javascript Library, that uses HTML5 and WebGL to render 3D Globes and maps.&lt;/div&gt;&lt;div style=&quot;text-align: justify;&quot;&gt;&lt;br /&gt;&lt;/div&gt;&lt;div style=&quot;text-align: justify;&quot;&gt;I had written a small Proof-Of-Concept Demo using Cesium, while working on my GSoC proposal. You can check out the demo &lt;a href=&quot;http://abhishekvp.github.io/CesiumDemo/&quot; target=&quot;_blank&quot;&gt;here&lt;/a&gt;.&lt;/div&gt;&lt;div style=&quot;text-align: justify;&quot;&gt;&lt;br /&gt;&lt;/div&gt;&lt;div style=&quot;text-align: justify;&quot;&gt;I have hard-coded 3 LiDAR profile images for the demo. Once a user clicks on the globe, the latitude-longitude of the clicked point, are recorded. The &lt;a href=&quot;http://en.wikipedia.org/wiki/Great-circle_distance&quot; target=&quot;_blank&quot;&gt;Great Circle Distance&lt;/a&gt; is calculated from the starting lat-lon of the 3 hard-coded LiDAR profiles to the user clicked point. The profile corresponding to the minimum Great Circle Distance is then displayed to the user.&lt;/div&gt;&lt;div style=&quot;text-align: justify;&quot;&gt;&lt;br /&gt;&lt;/div&gt;&lt;div style=&quot;text-align: justify;&quot;&gt;I would like to thank Ryan, Mike at NASA and the Cesium Community for giving me this opportunity to be working on this project. I am very excited and look forward to working on this.&lt;/div&gt;&lt;br&gt;&lt;/div&gt;&lt;/div&gt;</content><author><name>abhishekp</name></author><category term="GSoC" /><category term="Open Source" /><summary type="html">Yay! I have been selected in the Google Summer of Code 2015 with the Cesium Community for the project NASA's Data Curtains from Space, mentored by Mike McGann and Ryan Boller at NASA</summary></entry><entry><title type="html">MozCoffee Mumbai</title><link href="http://localhost:4000/2015/03/22/mozcoffee-mumbai-2/" rel="alternate" type="text/html" title="MozCoffee Mumbai" /><published>2015-03-22T12:53:55+05:30</published><updated>2015-03-22T12:53:55+05:30</updated><id>http://localhost:4000/2015/03/22/mozcoffee-mumbai-2</id><content type="html" xml:base="http://localhost:4000/2015/03/22/mozcoffee-mumbai-2/">&lt;p style=&quot;text-align:justify;&quot;&gt;This report on MozCoffee Mumbai has been long overdue. Apologies for the delay in posting it, I have been super busy lately and have finally managed to find some time to jot down this report.&lt;/p&gt;
&lt;center&gt;&lt;img width=&quot;660&quot; src=&quot;https://abhishekvp.files.wordpress.com/2015/03/mozcoffee.jpg&quot;&gt;&lt;br&gt;MozCoffee Mumbai, March 1, 2015, CCD Powai&lt;br&gt;&lt;br&gt;&lt;/center&gt;
&lt;p style=&quot;text-align:justify;&quot;&gt;MozCoffee Mumbai was held on Sunday, March 1, 2015 at CCD Powai. The attendees were:&lt;/p&gt;
&lt;ol style=&quot;text-align:justify;&quot;&gt;
&lt;li&gt;Abhishek Potnis&lt;/li&gt;
&lt;li&gt;Akshat Kedia&lt;/li&gt;
&lt;li&gt;Amod Narvekar&lt;/li&gt;
&lt;li&gt;Brajesh Ajawani&lt;/li&gt;
&lt;li&gt;Dinesh Patil&lt;/li&gt;
&lt;li&gt;Manish Goregaonkar&lt;/li&gt;
&lt;/ol&gt;
&lt;p style=&quot;text-align:justify;&quot;&gt;Brajesh and Dinesh were the newly inducted Mozillians who were keenly interested in knowing and discussing the ongoings in the Mozilla Mumbai Community.&lt;/p&gt;
&lt;p style=&quot;text-align:justify;&quot;&gt;The MozCoffee started around 10:30am, we started by introducing ourselves and the areas in which we have been contributing to Mozilla, to the new comers - Brajesh and Dinesh. Brajesh and Dinesh are my classmates at IIT Bombay and were interested in knowing about Mozilla, its mission and the ways in which one can contribute to Mozilla.&lt;/p&gt;
&lt;p style=&quot;text-align:justify;&quot;&gt;We discussed about the different ways to start contributing to Mozilla - Coding, Testing, Writing, Teaching, Helping and Localizing.  After acquainting the newcomers to Mozilla, we started by discussing about the future Mozilla events that we could have in Mumbai. Since GSoC was round the corner then, we discussed on having a GSoC Awareness Event. Manish mentioned that he would be having such an event for the students of IITB, and would be speaking about his experience doing a GSoC with Mozilla, last summer. We discussed on having FxOS App Days and BootCamps, since the response to the last Mozilla Codebase Bootcamp at Directi, organized by Amod, had been overwhelming. Amod mentioned that many attendees of the Mozilla Codebase Bootcamp, had continued fixing bugs for Mozilla, even after the event.&lt;/p&gt;
&lt;p style=&quot;text-align:justify;&quot;&gt;Discussing on code contributions to Mozilla from Mumbai, it was noted that code contributing to Testing lacked representation from Mumbai. There was also a discussion on ways to promote Contributing to MDN. Since contributors to MDN, have to be developers(to author/correct tech-articles), there was a discussion on mentioning Contributing to MDN, at BootCamps. It was also noted that FSA's from Mumbai were inactive, and under represented, and the need to have a strong healthy FSA ecosystem was felt.&lt;/p&gt;
&lt;p style=&quot;text-align:justify;&quot;&gt;In conclusion, we decided to concentrate on having more events to promote the FSA Program, WoMoz, Testing and Localization, besides having Code-Base BootCamps. We also discussed and decided to have a MozCoffee, at least once every month, to ensure a healthier interaction amongst the Mozillians in Mumbai. It was also decided to have more number of interested people for the upcoming MozCoffees, to acquaint them to Mozilla and its mission of keeping the web open and in the hands of the people. A Mozilla event is incomplete without some cool and awesome swag, we distributed Firefox stickers to all the attendees at the MozCoffee.&lt;/p&gt;
&lt;p style=&quot;text-align:justify;&quot;&gt;I would like to thank all the attendees for attending the MozCoffee, keeping forth their views and contributing to the discussions, thus making the MozCoffee productive.&lt;/p&gt;</content><author><name>abhishekp</name></author><category term="mozcoffee" /><category term="remo" /><summary type="html">Mozilla Event Report of MozCoffee Mumbai held in March 2015</summary></entry></feed>
